id,Фамилия,Имя,Отчество,Примечание,Телефоны
А
1659281261550240007,Артемьева,Жанна,Ждановна,No Description,+7(972)2569596
1659281261577903228,Агафонова,Мария,Богдановна,No Description,+7(951)6889744
1659281261585737320,Алексеева,Юлия,Эдуардовна,No Description,"+7(947)9312142, +7(967)6662736"
1659281261588396460,Артемьева,Маргарита,Андреевна,No Description,"+7(985)5605643, +7(919)1626110, +7(987)1423192"
1659281261596986330,Андреева,Александра,Филипповна,No Description,"+7(925)9181924, +7(933)2332053"
1659281261605518648,Антонов,Ульян,Гертрудович,No Description,"+7(908)9569147, +7(920)3223499"
1659281261609806336,Анисимова,Юлия,Анатольевна,No Description,+7(974)1879756
1659281261611519248,Авдеев,Святополк,Ефремович,No Description,"+7(995)7423700, +7(952)3678579, +7(949)2069065"
1659281261648786993,Алексеев,Вышеслав,Гавриилович,No Description,"+7(993)9298848, +7(924)1731381, +7(989)8125663"
1659281261676898908,Антонова,Иванна,Тимуровна,No Description,+7(903)1690351
1659281261777203693,Антонова,Валерия,Руслановна,No Description,"+7(923)2732022, +7(954)9757563"
1659281261814584434,Аксенов,Мокей,Валерианович,No Description,"+7(913)6142355, +7(944)6294759, +7(918)4473623"
1659281261905597389,Александров,Галактион,Ануфриевич,No Description,"+7(966)5082118, +7(989)6959129"
1659281261919894803,Анисимова,Вероника,Леонидовна,No Description,"+7(941)8393087, +7(975)1843048"
1659281261931892341,Архипов,Фадей,Демьянович,No Description,"+7(901)5565748, +7(921)9048155, +7(905)3195149"
1659281261947393468,Андреева,Фёкла,Макаровна,No Description,"+7(918)3740515, +7(944)8141301"
1659281262003956620,Авдеева,Полина,Эдуардовна,No Description,"+7(926)6795593, +7(939)1516275, +7(908)4454635"
1659281262070301993,Алексеев,Никон,Антипович,No Description,+7(930)3738292
1659281262073371375,Абрамов,Тарас,Евсеевич,No Description,"+7(910)2356151, +7(990)6320994, +7(916)6356736"
1659281262100534905,Аксенов,Максим,Иосифович,No Description,"+7(967)2727921, +7(917)9910754, +7(995)8949209"
1659281262103959003,Архипова,Виктория,Артемовна,No Description,"+7(987)5892542, +7(985)1911936"
1659281262180840444,Афанасьева,Виктория,Олеговна,No Description,"+7(927)4726654, +7(909)8945801"
1659281262259549899,Андреева,Клавдия,Владимировна,No Description,+7(962)5365611
1659281262351236517,Анисимов,Демьян,Устинович,No Description,"+7(948)1024399, +7(918)5245648, +7(942)1406612"
1659281262561610273,Александрова,Дарья,Матвеевна,No Description,+7(932)7504175
Б
1659281261546618394,Белякова,Евгения,Тимуровна,No Description,+7(916)9653543
1659281261550004637,Белякова,Клавдия,Матвеевна,No Description,"+7(989)5351949, +7(980)4345252, +7(996)7888551"
1659281261550977311,Белов,Самсон,Тимурович,No Description,+7(987)4683730
1659281261551579968,Бобров,Елисей,Венедиктович,No Description,"+7(941)9950928, +7(911)7866992, +7(964)5741627"
1659281261577408047,Блохин,Евграф,Зиновьевич,No Description,"+7(988)2702094, +7(915)3308389, +7(907)4952057"
1659281261580218602,Беспалов,Руслан,Давыдович,No Description,"+7(919)2875706, +7(937)9862041, +7(923)2730838"
1659281261587030648,Бобылев,Никанор,Давыдович,No Description,"+7(990)4870196, +7(979)1662406, +7(995)6910054"
1659281261600166048,Белоусов,Моисей,Абрамович,No Description,+7(901)7360063
1659281261617089958,Большаков,Радован,Федосеевич,No Description,"+7(975)1129373, +7(980)9005376, +7(907)4036930"
1659281261621433555,Борисова,Акулина,Владимировна,No Description,"+7(913)1910333, +7(911)9743236"
1659281261632815647,Большаков,Григорий,Марсович,No Description,"+7(946)9463700, +7(909)5499138, +7(936)6145966"
1659281261730397404,Быков,Эмиль,Глебович,No Description,+7(953)9156379
1659281261732040697,Баранова,Феврония,Максимовна,No Description,"+7(927)9703715, +7(901)9125462"
1659281261767736432,Беспалов,Остромир,Гордеевич,No Description,+7(907)7459690
1659281261779014250,Блинов,Лавр,Антипович,No Description,"+7(918)6321550, +7(999)1109483"
1659281261810605516,Бирюкова,Эмилия,Романовна,No Description,+7(927)4606033
1659281261812565375,Борисова,Алина,Вячеславовна,No Description,"+7(958)8775202, +7(914)3677394, +7(940)8688387"
1659281261861859848,Борисов,Федот,Филиппович,No Description,+7(909)7771602
1659281261961005336,Бобылев,Кондрат,Феофанович,No Description,"+7(966)2660727, +7(935)8600293, +7(912)3503749"
1659281261979844155,Беляев,Станимир,Виленович,No Description,+7(990)1712082
1659281262088850676,Белозеров,Аркадий,Валерьевич,No Description,"+7(954)4018226, +7(951)7855090"
1659281262174659064,Белякова,Акулина,Мироновна,No Description,"+7(926)8189917, +7(903)1344046, +7(945)2029101"
1659281262194251949,Бурова,Нина,Евгеньевна,No Description,"+7(932)4853979, +7(905)5099588, +7(958)7800029"
1659281262222244911,Белоусов,Елисей,Демидович,No Description,+7(902)9585460
1659281262236202153,Беспалова,Регина,Львовна,No Description,+7(925)2650886
1659281262305263434,Бобылев,Ефим,Даниилович,No Description,+7(984)2310973
1659281262344087911,Бирюков,Лукьян,Бенедиктович,No Description,+7(933)3929270
1659281262359237455,Белоусова,Людмила,Ильинична,No Description,+7(999)8473310
1659281262362981393,Блинов,Юлиан,Эдгарович,No Description,"+7(930)5589544, +7(909)5204815, +7(981)9379698"
1659281262401015560,Беляков,Евдоким,Жанович,No Description,"+7(969)7501746, +7(968)3308122"
1659281262416087360,Быков,Арефий,Абрамович,No Description,"+7(962)5067401, +7(956)5543254"
1659281262462937327,Бобров,Вениамин,Якубович,No Description,"+7(941)6755867, +7(901)1629626, +7(911)5826100"
1659281262498242582,Бурова,Лидия,Григорьевна,No Description,"+7(967)4613994, +7(902)2986730, +7(989)8024265"
1659281262521585710,Беляев,Варфоломей,Трофимович,No Description,"+7(952)3889970, +7(996)1347098, +7(950)7275099"
1659281262549197257,Боброва,Клавдия,Андреевна,No Description,+7(943)3313078
1659281262557658268,Богданов,Анатолий,Аксёнович,No Description,+7(921)4452042
1659281262578127359,Бурова,Синклитикия,Леонидовна,No Description,+7(966)6487493
1659281262616745501,Быкова,Агата,Васильевна,No Description,+7(958)7272978
1659281262659323981,Беспалов,Ульян,Юльевич,No Description,"+7(985)3209709, +7(917)2174381"
1659281262672273171,Богданова,Лукия,Эдуардовна,No Description,"+7(956)9624993, +7(954)2226048, +7(974)3188500"
1659281262676407209,Блохина,Ираида,Дмитриевна,No Description,"+7(927)7287324, +7(900)5107474, +7(937)1061538"
В
1659281261573671722,Волков,Вячеслав,Терентьевич,No Description,"+7(977)5407143, +7(990)7086975"
1659281261606395657,Васильева,Евгения,Архиповна,No Description,"+7(953)7670114, +7(919)3593483, +7(950)2184499"
1659281261615161979,Веселов,Епифан,Жанович,No Description,+7(933)5359865
1659281261634947212,Веселова,Тамара,Тарасовна,No Description,"+7(918)1457252, +7(998)2775545"
1659281261652707588,Воронов,Варлаам,Юльевич,No Description,+7(929)4110547
1659281261657820865,Вишняков,Моисей,Эдгардович,No Description,+7(984)6821171
1659281261685503102,Васильева,Наина,Леоновна,No Description,+7(991)4278622
1659281261688586253,Виноградов,Валерьян,Денисович,No Description,"+7(920)9178200, +7(910)4057144"
1659281261702054229,Волков,Милен,Филимонович,No Description,"+7(972)5660281, +7(957)8785906, +7(988)7347075"
1659281261715160517,Воронов,Касьян,Гурьевич,No Description,+7(955)6295974
1659281261755148130,Воронцова,Октябрина,Святославовна,No Description,+7(949)7635561
1659281261794784217,Васильева,Агата,Петровна,No Description,+7(911)8617722
1659281261872991363,Воробьева,Алевтина,Афанасьевна,No Description,+7(914)2274585
1659281261884091863,Волков,Евграф,Иосипович,No Description,+7(978)3243294
1659281262130963156,Васильева,Валерия,Аркадьевна,No Description,+7(911)9393773
1659281262191145754,Владимирова,Валентина,Кузьминична,No Description,+7(917)5711763
1659281262389724987,Власова,Варвара,Романовна,No Description,+7(941)5387499
1659281262621214121,Власов,Исидор,Фокич,No Description,+7(945)2690113
1659281262629869729,Воронцова,Синклитикия,Даниловна,No Description,"+7(945)2561848, +7(941)2739361"
Г
1659281261548870686,Григорьева,Лариса,Вадимовна,No Description,+7(959)8011767
1659281261583776403,Громов,Мартьян,Алексеевич,No Description,+7(949)8878648
1659281261584384905,Горшкова,Акулина,Петровна,No Description,"+7(972)6747110, +7(996)5419795"
1659281261622474878,Гурьев,Всеслав,Жоресович,No Description,"+7(963)1194590, +7(900)3104740"
1659281261641788111,Гущина,Таисия,Леонидовна,No Description,"+7(944)9342993, +7(994)5186476"
1659281261667173681,Гордеев,Лаврентий,Эдгарович,No Description,"+7(904)7133982, +7(942)3097903, +7(966)8970120"
1659281261713572379,Герасимова,Надежда,Тарасовна,No Description,+7(987)7013944
1659281261718516814,Гришина,Раиса,Оскаровна,No Description,"+7(932)9414448, +7(990)7125267, +7(900)7940727"
1659281261723708795,Галкина,Фёкла,Оскаровна,No Description,"+7(958)1074554, +7(958)7099631"
1659281261775359947,Григорьев,Агафон,Давыдович,No Description,"+7(993)3784820, +7(980)7261411, +7(936)7959467"
1659281261829041559,Галкин,Андрон,Адамович,No Description,+7(991)5414768
1659281261848407710,Гущина,Пелагея,Вениаминовна,No Description,"+7(922)9707126, +7(989)9462381, +7(920)9277635"
1659281261898250204,Голубева,Варвара,Эльдаровна,No Description,"+7(917)1394379, +7(956)7355146, +7(935)4341563"
1659281261929454718,Голубева,Валентина,Натановна,No Description,+7(918)8133641
1659281261942177062,Галкин,Радован,Фёдорович,No Description,"+7(952)9005880, +7(923)7144217"
1659281261952959976,Гришин,Варфоломей,Дмитриевич,No Description,"+7(972)9551320, +7(971)1793857, +7(910)7393593"
1659281261963585877,Гурьев,Эраст,Якубович,No Description,"+7(951)3063858, +7(916)7067559, +7(936)7895567"
1659281261966222028,Гущина,Нина,Рубеновна,No Description,+7(912)2388402
1659281261990618325,Горшкова,Людмила,Робертовна,No Description,"+7(993)2576074, +7(960)5272522"
1659281262040732060,Гурьева,Эмилия,Кирилловна,No Description,+7(942)9330797
1659281262067150455,Герасимов,Зиновий,Власович,No Description,"+7(934)3074143, +7(963)1670919, +7(981)5467979"
1659281262097592629,Галкин,Георгий,Богданович,No Description,"+7(916)8259959, +7(972)5607056, +7(924)1027010"
1659281262228881463,Голубева,Прасковья,Захаровна,No Description,+7(912)7434875
1659281262239623716,Громова,Надежда,Владимировна,No Description,"+7(938)2561132, +7(990)9192012"
1659281262329758217,Галкина,Лукия,Даниловна,No Description,"+7(923)4755931, +7(905)9801199, +7(968)3103423"
1659281262474591009,Гущина,Елена,Александровна,No Description,"+7(961)6430406, +7(928)9947639, +7(956)8878237"
1659281262689289153,Гордеева,Евгения,Романовна,No Description,+7(918)5462431
Д
1659281261551229374,Давыдова,Алина,Ивановна,No Description,+7(911)2222840
1659281261568552393,Денисов,Аникита,Александрович,No Description,"+7(970)8075054, +7(968)2799489, +7(978)8536346"
1659281261573218720,Дорофеев,Олимпий,Ааронович,No Description,+7(958)6175028
1659281261612379622,Дьячкова,Евфросиния,Даниловна,No Description,+7(960)4919526
1659281261625508932,Дьячков,Фотий,Александрович,No Description,"+7(944)2610379, +7(930)6259040"
1659281261626537985,Дмитриев,Ферапонт,Филатович,No Description,"+7(912)2678288, +7(918)8541490, +7(968)3656908"
1659281261627572053,Дементьева,Василиса,Святославовна,No Description,"+7(992)4602773, +7(976)4503548"
1659281261674204751,Дмитриева,Ульяна,Анатольевна,No Description,"+7(907)3465963, +7(967)2751025"
1659281261698821809,Доронина,Фёкла,Константиновна,No Description,"+7(997)7575151, +7(969)3739873, +7(912)4217461"
1659281261733767704,Дьячков,Егор,Феоктистович,No Description,+7(911)5994637
1659281261741021231,Давыдов,Парфен,Бориславович,No Description,"+7(984)2114568, +7(945)7877600, +7(976)6727976"
1659281261762276417,Дементьев,Добромысл,Ильясович,No Description,"+7(943)4828603, +7(971)9189421"
1659281261786993990,Дмитриев,Никифор,Трофимович,No Description,"+7(989)6138747, +7(946)9380951"
1659281262112880329,Дьячкова,Ия,Евгеньевна,No Description,+7(958)1069910
1659281262225559133,Дорофеева,Лидия,Леонидовна,No Description,+7(902)8096715
1659281262242862224,Дементьев,Флорентин,Якубович,No Description,"+7(928)5163532, +7(979)4203007, +7(954)5214682"
1659281262252758327,Дементьева,Кира,Геннадиевна,No Description,"+7(946)7305008, +7(954)6697302, +7(940)6805496"
1659281262466714821,Давыдова,Иванна,Матвеевна,No Description,"+7(927)2993476, +7(901)3745377"
1659281262470771401,Давыдова,Раиса,Павловна,No Description,"+7(987)4989946, +7(920)5679162"
Е
1659281261594719347,Ермакова,Таисия,Николаевна,No Description,+7(996)5882680
1659281261608086404,Елисеев,Гаврила,Эдгарович,No Description,"+7(916)6621435, +7(925)2075807"
1659281261660347313,Евсеева,Лора,Филипповна,No Description,"+7(936)2169941, +7(922)3561278, +7(914)1247627"
1659281261661711473,Евсеева,Екатерина,Архиповна,No Description,"+7(930)4689829, +7(960)3922268"
1659281261749675165,Ершов,Дмитрий,Адамович,No Description,"+7(918)5079642, +7(985)5312613, +7(971)3784932"
1659281261879588251,Евсеев,Эмиль,Исидорович,No Description,"+7(917)7225546, +7(928)3355374"
1659281262034290619,Ермакова,Элеонора,Захаровна,No Description,+7(919)3693974
1659281262214217802,Ермакова,Эмилия,Кирилловна,No Description,"+7(955)6455208, +7(998)6901200"
1659281262232760852,Евдокимов,Лукьян,Иосифович,No Description,"+7(996)6829235, +7(941)2672872"
1659281262273910788,Ефремов,Клавдий,Брониславович,No Description,"+7(944)4209514, +7(999)8489034, +7(920)5510989"
1659281262419966267,Емельянов,Олимпий,Владленович,No Description,"+7(934)2763510, +7(969)8128617, +7(989)1316516"
1659281262482143094,Евсеев,Харлампий,Денисович,No Description,+7(900)7638120
1659281262595351185,Ершов,Андроник,Владиславович,No Description,+7(948)4593128
1659281262633938537,Ермаков,Фома,Егорович,No Description,"+7(955)5003351, +7(941)8583261, +7(912)5826834"
Ж
1659281261547542552,Журавлева,Ольга,Вячеславовна,No Description,"+7(975)8542096, +7(962)4065227, +7(988)4495779"
1659281261769806351,Жуков,Фрол,Даниилович,No Description,"+7(996)6369697, +7(916)4696143"
1659281261835472657,Жданов,Артемий,Богданович,No Description,"+7(925)1780566, +7(933)8986553"
1659281261915082722,Жданова,Евдокия,Станиславовна,No Description,"+7(976)3848782, +7(950)1952088"
1659281262684749103,Жуков,Тимур,Викентьевич,No Description,"+7(948)8304842, +7(931)5670668, +7(957)7994813"
З
1659281261591094481,Захарова,Анжела,Кузьминична,No Description,+7(946)4980715
1659281261644061986,Зайцев,Терентий,Артурович,No Description,"+7(996)9029490, +7(937)3877814"
1659281261687047187,Зыкова,Анна,Станиславовна,No Description,+7(954)1648389
1659281261710440021,Зыков,Силантий,Трофимович,No Description,"+7(903)1579805, +7(908)8245388, +7(990)9956143"
1659281261746178812,Зуева,Лидия,Егоровна,No Description,"+7(972)5094167, +7(911)2862715, +7(968)6822273"
1659281261949965250,Зиновьев,Ульян,Елизарович,No Description,"+7(951)1842855, +7(921)2049843"
1659281261993243595,Зайцева,Елена,Оскаровна,No Description,"+7(915)8567535, +7(945)7879121, +7(953)3134231"
1659281262006614780,Зимин,Архип,Афанасьевич,No Description,"+7(955)7874072, +7(961)7897572"
1659281262009327046,Зуева,Анжела,Леоновна,No Description,"+7(984)1622867, +7(910)9114091, +7(940)3133606"
1659281262287773266,Зыков,Онуфрий,Венедиктович,No Description,"+7(948)6789186, +7(913)1764963"
1659281262298060807,Зайцева,Ия,Оскаровна,No Description,+7(921)5437704
1659281262565603141,Зуев,Ратибор,Всеволодович,No Description,"+7(933)2924005, +7(930)5926332"
И
1659281261548644852,Исакова,Прасковья,Кузьминична,No Description,"+7(957)4129015, +7(935)2795352"
1659281261549303833,Исаков,Филимон,Артёмович,No Description,"+7(959)9743918, +7(919)9988902, +7(992)7047625"
1659281261579082648,Исаков,Капитон,Валентинович,No Description,"+7(991)7606132, +7(945)4130754, +7(987)5265151"
1659281261589739370,Игнатьева,Ксения,Тимуровна,No Description,"+7(900)5096489, +7(930)8790721"
1659281261608934753,Ильина,Екатерина,Григорьевна,No Description,"+7(921)5260972, +7(967)4095666"
1659281261619242362,Игнатьева,Ульяна,Михайловна,No Description,"+7(972)1347764, +7(975)5744143"
1659281261624491176,Исаков,Филарет,Федосьевич,No Description,"+7(993)4241175, +7(936)2453376"
1659281261651172529,Игнатова,Екатерина,Аркадьевна,No Description,"+7(983)6405283, +7(928)4301779, +7(989)3570504"
1659281261695853177,Исаева,Екатерина,Геннадиевна,No Description,+7(918)5625389
1659281261758701382,Игнатова,Василиса,Филипповна,No Description,"+7(957)3459268, +7(973)4033636"
1659281261782793624,Ильин,Валерий,Филиппович,No Description,"+7(966)4642073, +7(971)3348952, +7(915)4983470"
1659281261796709737,Игнатов,Изот,Брониславович,No Description,"+7(915)3352183, +7(973)2547622, +7(996)4430533"
1659281261893661169,Игнатьева,Элеонора,Аркадьевна,No Description,"+7(915)9479704, +7(907)6405488, +7(904)9396808"
1659281262037669199,Игнатова,Раиса,Аскольдовна,No Description,"+7(959)9325914, +7(986)9042085"
1659281262161877665,Исаев,Галактион,Исидорович,No Description,"+7(954)7894746, +7(981)1060434"
1659281262533284077,Игнатьева,Елена,Борисовна,No Description,+7(971)6166788
1659281262650825243,Исаев,Станимир,Чеславович,No Description,"+7(930)5479301, +7(911)7756934, +7(989)9388456"
К
1659281261547367568,Кудрявцев,Светозар,Чеславович,No Description,+7(940)5951114
1659281261550726932,Козлова,Евдокия,Вадимовна,No Description,"+7(948)9432026, +7(900)5994075, +7(929)1311862"
1659281261568117675,Киселев,Георгий,Вячеславович,No Description,"+7(992)8981872, +7(951)1187838"
1659281261569774481,Калинина,София,Вениаминовна,No Description,"+7(991)6531037, +7(992)4586620, +7(922)8579616"
1659281261571438717,Кондратьев,Твердислав,Тихонович,No Description,"+7(967)3360151, +7(905)9385558, +7(957)1629987"
1659281261575364417,Кириллов,Симон,Игнатьевич,No Description,+7(937)2272089
1659281261575840486,Кошелев,Натан,Захарьевич,No Description,"+7(989)4071612, +7(998)5445109"
1659281261576803604,Коновалов,Харлампий,Марсович,No Description,"+7(960)1475988, +7(907)4725651"
1659281261578511920,Куликова,Надежда,Степановна,No Description,"+7(949)8784537, +7(951)9249622"
1659281261580786854,Карпов,Тимур,Алексеевич,No Description,"+7(952)6079650, +7(983)7571032"
1659281261581396066,Красильников,Мирон,Геннадиевич,No Description,"+7(930)7423630, +7(912)5563486"
1659281261587737539,Комиссаров,Георгий,Анисимович,No Description,"+7(997)8434821, +7(984)9756032"
1659281261601012774,Корнилова,Антонина,Альбертовна,No Description,+7(917)1395412
1659281261602908371,Королева,Фёкла,Викторовна,No Description,+7(990)1957982
1659281261613272664,Кононов,Демид,Адрианович,No Description,"+7(976)3943320, +7(980)8901956"
1659281261628602893,Калинина,Валерия,Вадимовна,No Description,+7(941)2031936
1659281261640622584,Красильников,Ладислав,Харитонович,No Description,+7(935)8243475
1659281261653995119,Кабанова,Лора,Ильинична,No Description,"+7(947)8208493, +7(970)5431289, +7(960)7417844"
1659281261655332785,Корнилов,Евстигней,Вилорович,No Description,"+7(935)9802286, +7(954)6916467"
1659281261679656460,Комаров,Демид,Афанасьевич,No Description,"+7(938)3630312, +7(902)6495447"
1659281261694408297,Капустина,Наина,Аскольдовна,No Description,+7(904)5456842
1659281261722101363,Котов,Филимон,Гурьевич,No Description,+7(925)8944016
1659281261735752555,Кириллов,Глеб,Юлианович,No Description,"+7(946)2867128, +7(976)1387493"
1659281261739318462,Казакова,Элеонора,Юрьевна,No Description,+7(923)2607720
1659281261792856570,Кузьмин,Святослав,Фадеевич,No Description,"+7(994)2121298, +7(971)9966653, +7(996)4441942"
1659281261800643058,Крылов,Лазарь,Витальевич,No Description,"+7(967)9717890, +7(983)8426040, +7(943)2937883"
1659281261824939433,Комиссаров,Авксентий,Анисимович,No Description,+7(901)9017689
1659281261837793860,Козлова,Нинель,Тимофеевна,No Description,+7(941)1620897
1659281261853024839,Калинина,Анастасия,Андреевна,No Description,"+7(951)4814895, +7(947)9794883, +7(911)3059144"
1659281261866276053,Карпова,Любовь,Вячеславовна,No Description,"+7(967)5523285, +7(928)4318274, +7(965)5376082"
1659281261889049152,Костин,Никифор,Владиславович,No Description,"+7(928)3705569, +7(989)8150941"
1659281261922328499,Копылова,Алла,Степановна,No Description,"+7(964)4586656, +7(966)5630615, +7(907)8431991"
1659281261995837348,Константинова,Ульяна,Богдановна,No Description,+7(959)7229878
1659281262020267151,Красильникова,Пелагея,Львовна,No Description,+7(995)3834405
1659281262076393828,Котова,Раиса,Святославовна,No Description,"+7(921)8680499, +7(935)1207454, +7(965)9649068"
1659281262118999985,Кабанов,Ипполит,Августович,No Description,"+7(945)7003688, +7(909)4562269, +7(987)3037179"
1659281262127942007,Калашникова,Зинаида,Феликсовна,No Description,"+7(944)4005758, +7(971)1964354, +7(941)3390626"
1659281262143106979,Котов,Егор,Эдуардович,No Description,"+7(965)2625388, +7(918)5097345"
1659281262152341111,Козлов,Антонин,Харламович,No Description,+7(900)5623414
1659281262165014091,Карпова,Агата,Романовна,No Description,"+7(947)6275552, +7(902)9057065, +7(956)5673224"
1659281262168200013,Казакова,Нинель,Филипповна,No Description,"+7(906)1629579, +7(988)4010169, +7(987)3315305"
1659281262210999428,Крылова,Глафира,Константиновна,No Description,"+7(926)2121081, +7(969)5058292"
1659281262256252170,Киселева,Лариса,Рудольфовна,No Description,+7(945)5541795
1659281262283929359,Кононова,Вера,Петровна,No Description,"+7(948)5280811, +7(995)7605987, +7(975)7519012"
1659281262291232327,Кудряшов,Андрон,Фёдорович,No Description,"+7(950)7873320, +7(965)1959439, +7(960)1821415"
1659281262294652845,Карпова,Александра,Матвеевна,No Description,+7(943)4520916
1659281262311990747,Крюков,Агафон,Евсеевич,No Description,"+7(989)7518306, +7(973)4699051"
1659281262381526485,Князев,Гостомысл,Ануфриевич,No Description,"+7(929)7540041, +7(981)1613312, +7(909)4541774"
1659281262393410387,Кудрявцева,Майя,Тарасовна,No Description,"+7(960)8257782, +7(975)8269115"
1659281262443713413,Карпова,Ирина,Филипповна,No Description,"+7(924)4365217, +7(970)9793500"
1659281262451226274,Кузьмина,Екатерина,Болеславовна,No Description,+7(922)2103943
1659281262525463686,Комарова,Ксения,Георгиевна,No Description,"+7(991)1674816, +7(909)1050682"
1659281262537435289,Киселева,Анна,Юльевна,No Description,"+7(940)5479895, +7(961)8169678"
1659281262553352816,Калинин,Никон,Ааронович,No Description,"+7(900)7970346, +7(954)2741417, +7(951)5444997"
1659281262570082429,Кузнецова,Марфа,Георгиевна,No Description,"+7(983)2855708, +7(947)1441995"
1659281262599349921,Крюкова,Маргарита,Рудольфовна,No Description,"+7(907)9164493, +7(983)1186284"
1659281262612206705,Константинова,Лариса,Артемовна,No Description,"+7(958)5379155, +7(997)6117027"
1659281262625815933,Копылова,Анна,Захаровна,No Description,"+7(926)1355650, +7(979)5231709"
Л
1659281261551954657,Лапин,Самсон,Валентинович,No Description,+7(926)6365229
1659281261572312182,Лебедев,Тимофей,Гаврилович,No Description,+7(985)3949940
1659281261576319532,Лапин,Дмитрий,Жанович,No Description,+7(951)8477379
1659281261642925106,Логинов,Семен,Егорович,No Description,+7(955)4937298
1659281261665757794,Лихачев,Никодим,Авдеевич,No Description,"+7(911)8918091, +7(955)8317047, +7(985)7426892"
1659281261726917158,Лихачева,Нина,Викторовна,No Description,"+7(916)6347711, +7(988)7032561, +7(947)7890380"
1659281261789038115,Лобанов,Александр,Васильевич,No Description,+7(982)8850257
1659281261790936493,Лебедев,Ермил,Чеславович,No Description,"+7(987)3040047, +7(932)3290633"
1659281261855348764,Лазарева,Марфа,Натановна,No Description,"+7(959)1751407, +7(980)1306687"
1659281261895921888,Лобанов,Эмиль,Демьянович,No Description,"+7(989)4707346, +7(959)6696677"
1659281261917458585,Лазарев,Климент,Валентинович,No Description,"+7(967)7825962, +7(929)3325328"
1659281261924689344,Лапин,Андрей,Теймуразович,No Description,"+7(957)8978438, +7(947)5167727"
1659281261927040986,Лапин,Евстафий,Архипович,No Description,"+7(995)9416881, +7(910)9663570"
1659281261969137147,Лукина,Акулина,Александровна,No Description,"+7(950)9151968, +7(922)3002476, +7(990)2933101"
1659281262125000171,Лаврентьев,Каллистрат,Данилович,No Description,+7(908)7470864
1659281262158785802,Логинов,Харитон,Трифонович,No Description,"+7(902)4770999, +7(979)5168005"
1659281262200824691,Лихачева,Ирина,Леонидовна,No Description,+7(939)5287855
1659281262280529342,Лыткина,Майя,Яковлевна,No Description,"+7(946)3155581, +7(926)5041282, +7(945)1590072"
1659281262336957637,Логинова,Вероника,Аркадьевна,No Description,"+7(916)4539529, +7(907)8796971, +7(907)4566862"
1659281262340584789,Логинов,Велимир,Тарасович,No Description,+7(985)3382173
1659281262385267902,Лыткин,Эраст,Харитонович,No Description,+7(900)2940012
1659281262396997191,Лазарева,Майя,Наумовна,No Description,"+7(944)7780761, +7(958)1082553, +7(915)6224272"
1659281262404837664,Лаврентьев,Митофан,Фёдорович,No Description,"+7(946)3907271, +7(952)7811716, +7(966)7337265"
1659281262513209234,Лобанова,Оксана,Ильинична,No Description,+7(967)7149054
М
1659281261549763524,Муравьев,Моисей,Якубович,No Description,+7(961)7532953
1659281261552334895,Мишин,Эдуард,Иларионович,No Description,+7(962)6970028
1659281261572759458,Михеев,Панкрат,Иосифович,No Description,+7(973)1042667
1659281261582581773,Мамонтова,Марина,Мироновна,No Description,+7(935)7875724
1659281261586383064,Макаров,Софрон,Фомич,No Description,"+7(952)7826377, +7(945)2658383, +7(946)4815167"
1659281261592513132,Молчанова,Агата,Ивановна,No Description,"+7(993)7092883, +7(940)6398814"
1659281261596225841,Матвеева,Жанна,Леоновна,No Description,"+7(912)2424783, +7(918)5954123"
1659281261598593027,Михеев,Иосиф,Филимонович,No Description,+7(913)9955490
1659281261610654200,Мамонтов,Устин,Ануфриевич,No Description,"+7(983)7981339, +7(939)4181333, +7(944)1049538"
1659281261639502792,Михайлова,Зоя,Геннадиевна,No Description,"+7(925)6754913, +7(939)6548232, +7(909)7946018"
1659281261647583812,Михайлова,Таисия,Рубеновна,No Description,"+7(915)8107460, +7(959)8600209, +7(992)7710341"
1659281261675536685,Миронов,Мартьян,Викторович,No Description,"+7(981)2483332, +7(921)3723545"
1659281261681015184,Макарова,Нинель,Игоревна,No Description,"+7(927)6285583, +7(961)5187524, +7(923)6226115"
1659281261683977190,Михеева,Антонина,Егоровна,No Description,+7(987)9166773
1659281261692987348,Моисеева,София,Семеновна,No Description,"+7(953)6899313, +7(979)6930035, +7(952)7363009"
1659281261705581381,Молчанов,Парамон,Елисеевич,No Description,+7(941)2985671
1659281261716732518,Муравьев,Лонгин,Жанович,No Description,"+7(903)3417512, +7(908)9974670, +7(952)3535840"
1659281261742736841,Маслова,Алевтина,Львовна,No Description,"+7(946)7295569, +7(910)8987110, +7(935)9991358"
1659281261744456255,Меркушева,Нинель,Рудольфовна,No Description,"+7(925)6349576, +7(908)5519822"
1659281261756896857,Моисеева,Ксения,Рудольфовна,No Description,+7(907)8068562
1659281261760487458,Макарова,Надежда,Анатольевна,No Description,+7(936)1779706
1659281261764060677,Маркова,Маргарита,Геннадьевна,No Description,"+7(945)8468019, +7(941)8999309"
1659281261798667461,Маслова,Глафира,Валентиновна,No Description,+7(996)2910606
1659281261818587562,Мельников,Аркадий,Демьянович,No Description,"+7(997)1265594, +7(934)9224338, +7(905)3881375"
1659281261820703867,Михеева,Ия,Яковлевна,No Description,"+7(917)4050042, +7(979)1701216, +7(970)3894273"
1659281261857518417,Меркушева,Зоя,Кузьминична,No Description,"+7(971)7508469, +7(925)1552609"
1659281261864094405,Моисеев,Измаил,Феофанович,No Description,"+7(921)4714413, +7(913)6009576, +7(977)9937126"
1659281261870757387,Мельникова,Юлия,Леоновна,No Description,"+7(966)5102315, +7(950)2221501, +7(916)5463562"
1659281261881884963,Мартынова,Евгения,Владиславовна,No Description,"+7(987)6639494, +7(935)2393566"
1659281261900601916,Муравьева,Иванна,Аркадьевна,No Description,"+7(978)2666680, +7(969)9338519, +7(917)6302579"
1659281261903214675,Матвеева,Ольга,Болеславовна,No Description,+7(947)6358129
1659281261910316847,Маслова,Алла,Наумовна,No Description,"+7(940)5583426, +7(921)8646045"
1659281261971904343,Михеева,Анастасия,Романовна,No Description,"+7(967)5419294, +7(932)7283665, +7(962)8845776"
1659281262001150247,Мельников,Венедикт,Власович,No Description,+7(909)1369397
1659281262023202172,Муравьев,Чеслав,Иосипович,No Description,"+7(978)4256956, +7(918)6954946, +7(985)9770586"
1659281262094689381,Мельникова,Марфа,Кузьминична,No Description,"+7(969)4676605, +7(954)5061168"
1659281262109948582,Миронов,Ферапонт,Игоревич,No Description,"+7(979)1026069, +7(920)7378678, +7(960)8941315"
1659281262140058328,Мишина,Милица,Владиславовна,No Description,"+7(976)6345027, +7(921)6192241"
1659281262146112747,Михеев,Касьян,Ярославович,No Description,+7(979)9414884
1659281262184106651,Мухина,Евпраксия,Романовна,No Description,+7(948)5686549
1659281262277254163,Марков,Ананий,Антонович,No Description,"+7(972)1190233, +7(952)6035656"
1659281262308627204,Миронов,Виссарион,Валерианович,No Description,+7(906)1502100
1659281262319026080,Маслов,Поликарп,Гертрудович,No Description,+7(991)6292733
1659281262322835575,Мартынова,Антонина,Ефимовна,No Description,"+7(904)7831607, +7(928)4515397, +7(903)5919059"
1659281262424330407,Мухин,Савва,Бориславович,No Description,+7(979)5886380
1659281262428036197,Макарова,Евпраксия,Петровна,No Description,"+7(932)4598206, +7(995)6431757"
1659281262447448178,Мишина,Марфа,Викторовна,No Description,"+7(916)9515963, +7(959)7338607"
1659281262455247328,Мишина,Ольга,Вениаминовна,No Description,"+7(991)3572371, +7(942)8243826"
1659281262490301964,Мельникова,Алина,Вячеславовна,No Description,"+7(912)6808713, +7(963)3242470"
1659281262517381886,Маслов,Дмитрий,Адрианович,No Description,"+7(972)8966918, +7(977)3286765, +7(990)6955060"
1659281262667755067,Молчанов,Антип,Иосифович,No Description,+7(929)2002653
Н
1659281261546913951,Никифоров,Остап,Герасимович,No Description,"+7(919)5372727, +7(973)2061442"
1659281261618087340,Нестеров,Ерофей,Гурьевич,No Description,+7(952)3890601
1659281261645239318,Назарова,Октябрина,Сергеевна,No Description,"+7(958)7770772, +7(908)2820816"
1659281261656563555,Николаева,Елена,Борисовна,No Description,+7(980)5467839
1659281261697345455,Некрасова,Антонина,Антоновна,No Description,"+7(968)8567441, +7(943)1391767, +7(958)5208356"
1659281261765933620,Никитин,Трофим,Валентинович,No Description,+7(990)2740815
1659281261804661463,Наумова,Алина,Филипповна,No Description,"+7(912)9149487, +7(996)9520084, +7(982)8165990"
1659281261808619152,Носова,Синклитикия,Семеновна,No Description,"+7(933)3554904, +7(909)8742244"
1659281261859667283,Некрасова,Оксана,Филипповна,No Description,"+7(951)3606363, +7(932)9065923"
1659281261944843283,Некрасова,Марфа,Рубеновна,No Description,+7(904)9641601
1659281262115852890,Носкова,Василиса,Тимофеевна,No Description,"+7(984)6409545, +7(922)5657985"
1659281262478413470,Никитина,Полина,Викторовна,No Description,"+7(922)1086790, +7(902)8897034"
1659281262574186515,Нестеров,Виталий,Борисович,No Description,+7(905)7906030
1659281262582630096,Некрасов,Ипатий,Анатольевич,No Description,"+7(921)8234111, +7(909)7284344"
О
1659281261630688317,Орлова,Елена,Михайловна,No Description,"+7(919)8724713, +7(973)1283784"
1659281261711984707,Одинцова,Евгения,Леонидовна,No Description,+7(962)7475903
1659281261780897913,Орлова,Алла,Владимировна,No Description,"+7(932)3298810, +7(959)2111829, +7(905)7288581"
1659281261988010544,Овчинникова,Глафира,Вячеславовна,No Description,+7(955)1868675
1659281262017407143,Осипова,Юлия,Владимировна,No Description,+7(950)4442467
1659281262031535777,Осипова,Кира,Архиповна,No Description,"+7(982)3002942, +7(997)3858694"
1659281262043592874,Орехова,Ульяна,Петровна,No Description,"+7(966)6619004, +7(915)8741114, +7(934)6844636"
1659281262082451418,Одинцова,Зинаида,Андреевна,No Description,"+7(911)5275444, +7(972)9526541"
1659281262107008186,Одинцова,Алина,Игоревна,No Description,+7(963)1145811
1659281262366587779,Орлова,Зинаида,Максимовна,No Description,"+7(900)4993926, +7(932)3457844"
1659281262608068122,Орлова,Октябрина,Руслановна,No Description,"+7(908)7273346, +7(965)9117456, +7(965)3570983"
П
1659281261547208508,Потапова,Светлана,Юрьевна,No Description,+7(961)6769563
1659281261549085204,Полякова,Полина,Леоновна,No Description,"+7(964)8093772, +7(968)9383143"
1659281261569366978,Потапова,Зоя,Вадимовна,No Description,+7(903)9850672
1659281261574892954,Петухов,Доброслав,Гертрудович,No Description,"+7(923)2107732, +7(911)6921501"
1659281261581992783,Павлов,Харлампий,Вилорович,No Description,"+7(918)8530825, +7(921)3792858"
1659281261591834347,Потапов,Агап,Матвеевич,No Description,+7(907)4457760
1659281261602061054,Панов,Гремислав,Марсович,No Description,"+7(992)2962465, +7(966)4855774"
1659281261623485916,Пестов,Антонин,Трифонович,No Description,"+7(915)7988088, +7(933)9300408"
1659281261650006347,Павлов,Лавр,Ефстафьевич,No Description,"+7(913)3664879, +7(963)7968631, +7(980)7688997"
1659281261671451077,Павлов,Святополк,Давидович,No Description,"+7(937)2911721, +7(904)8848576"
1659281261720257193,Прохоров,Валентин,Васильевич,No Description,"+7(976)4079319, +7(940)2879886"
1659281261773537969,Павлова,Фёкла,Тарасовна,No Description,"+7(908)8525228, +7(957)4619080"
1659281261784651340,Попова,Евфросиния,Евгеньевна,No Description,"+7(965)6209564, +7(983)8714766"
1659281261875167248,Потапов,Тимофей,Вячеславович,No Description,"+7(927)8978014, +7(964)8653678, +7(953)3858733"
1659281261907975834,Прохорова,Юлия,Олеговна,No Description,"+7(972)5610783, +7(965)3108778, +7(935)6316931"
1659281261939565481,Пахомова,Александра,Матвеевна,No Description,"+7(955)7216375, +7(948)5775827"
1659281261974521655,Петров,Эмиль,Зиновьевич,No Description,"+7(908)2174772, +7(997)8575639"
1659281261977203555,Павлов,Никодим,Феофанович,No Description,+7(993)1340543
1659281262052117908,Павлов,Зосима,Феодосьевич,No Description,"+7(937)2608122, +7(954)6279396, +7(913)7646793"
1659281262149154871,Панфилов,Герасим,Артёмович,No Description,+7(930)9670050
1659281262246122099,Павлова,Александра,Кузьминична,No Description,"+7(913)4121388, +7(932)4800269"
1659281262262975608,Пахомова,Ольга,Альбертовна,No Description,"+7(976)3973376, +7(927)4700301, +7(996)9814404"
1659281262301465279,Панова,Евдокия,Игоревна,No Description,+7(996)2851248
1659281262333263370,Пахомова,Раиса,Робертовна,No Description,"+7(920)6398298, +7(994)3945789, +7(976)8617101"
1659281262431704725,Панова,Агафья,Мироновна,No Description,"+7(908)2917306, +7(946)4819830"
1659281262436047863,Потапов,Христофор,Даниилович,No Description,"+7(947)9725196, +7(920)3699905, +7(925)6528766"
1659281262458968832,Пахомова,Виктория,Болеславовна,No Description,+7(912)6415597
1659281262529458247,Пономарев,Богдан,Артёмович,No Description,+7(972)2894293
1659281262697683471,Панова,Иванна,Болеславовна,No Description,"+7(918)4620978, +7(942)3651989, +7(913)3963784"
Р
1659281261567717549,Рогов,Борислав,Арсенович,No Description,+7(964)6253005
1659281261571873812,Рогова,Юлия,Никифоровна,No Description,"+7(968)7404429, +7(901)1227725"
1659281261599378593,Романова,Тамара,Тимуровна,No Description,"+7(923)9849392, +7(948)6261007"
1659281261633870309,Рябова,Алина,Мироновна,No Description,+7(947)2790975
1659281261672861774,Русакова,Варвара,Тимуровна,No Description,"+7(909)3849236, +7(908)8194745"
1659281261753281589,Рябов,Эрнст,Фёдорович,No Description,"+7(963)3310964, +7(900)3472529, +7(902)6282757"
1659281262063930788,Русаков,Филипп,Юлианович,No Description,"+7(998)8288103, +7(993)3540478"
1659281262502416736,Русакова,Зинаида,Натановна,No Description,"+7(900)1578214, +7(937)4203009"
С
1659281261546370145,Самойлов,Феоктист,Еремеевич,No Description,"+7(919)5681139, +7(984)8994556, +7(940)4667059"
1659281261546769771,Силин,Никита,Дмитриевич,No Description,+7(973)1446073
1659281261547717706,Степанова,Василиса,Петровна,No Description,+7(953)7093501
1659281261549528346,Сорокина,Агафья,Алексеевна,No Description,+7(943)9584271
1659281261550480611,Сысоев,Геннадий,Глебович,No Description,"+7(942)5674890, +7(964)5489106, +7(928)5266145"
1659281261568962682,Ситникова,Наталья,Артемовна,No Description,"+7(923)9942944, +7(993)1880670"
1659281261570595356,Смирнова,Маргарита,Дмитриевна,No Description,"+7(951)6238582, +7(971)5466043, +7(985)5632804"
1659281261589073213,Селезнев,Антип,Витальевич,No Description,+7(911)7091412
1659281261595475472,Соловьев,Борислав,Феликсович,No Description,"+7(966)6101449, +7(970)4024425"
1659281261597754887,Самсонов,Станислав,Андреевич,No Description,+7(951)8976714
1659281261603759150,Селиверстов,Симон,Гордеевич,No Description,"+7(949)7495485, +7(997)7945780, +7(931)6239666"
1659281261620249025,Сидоров,Иннокентий,Фомич,No Description,"+7(940)5797404, +7(924)8189651"
1659281261638354497,Сорокина,Синклитикия,Натановна,No Description,"+7(943)1694214, +7(903)4290161"
1659281261690082455,Савина,Ирина,Яковлевна,No Description,"+7(908)7334393, +7(962)2393432"
1659281261700316467,Субботин,Софрон,Харламович,No Description,"+7(973)4688149, +7(933)5859925"
1659281261707193473,Селиверстов,Мартын,Евстигнеевич,No Description,"+7(927)7350296, +7(979)7235068"
1659281261728776169,Субботин,Любосмысл,Харитонович,No Description,"+7(989)1493253, +7(935)5653041"
1659281261751452547,Силин,Феликс,Витальевич,No Description,"+7(905)3505106, +7(983)4467655"
1659281261771713266,Соловьев,Лукьян,Демьянович,No Description,+7(921)1284398
1659281261802652959,Самойлова,Виктория,Болеславовна,No Description,+7(976)3068282
1659281261806633174,Семенова,Марфа,Тимуровна,No Description,"+7(920)2678803, +7(904)7679567, +7(964)8310960"
1659281261816593721,Соловьева,Оксана,Николаевна,No Description,+7(921)6209247
1659281261822901028,Симонов,Галактион,Устинович,No Description,"+7(948)5448162, +7(926)7190978"
1659281261839912154,Степанова,Феврония,Мироновна,No Description,"+7(942)4425580, +7(964)6607470"
1659281261842066367,Сафонова,Марфа,Валентиновна,No Description,+7(950)8179999
1659281261912670025,Субботин,Исидор,Федотович,No Description,"+7(946)6414822, +7(938)3017601"
1659281261958414362,Самойлов,Аверкий,Эдгардович,No Description,"+7(952)2386558, +7(900)4090782, +7(974)4541760"
1659281261998483443,Самойлов,Ипатий,Антонович,No Description,+7(980)5880250
1659281262014754660,Силина,Ксения,Степановна,No Description,+7(937)2275314
1659281262028745260,Степанов,Тимофей,Евсеевич,No Description,+7(975)8351045
1659281262048791335,Самсонова,Виктория,Владиславовна,No Description,"+7(997)4003802, +7(966)8534899"
1659281262091771815,Сафонов,Любосмысл,Терентьевич,No Description,"+7(980)1297073, +7(930)8225526, +7(993)8976124"
1659281262137039796,Сергеев,Прокофий,Харлампович,No Description,+7(986)1858211
1659281262171512889,Соколов,Ратмир,Харлампович,No Description,"+7(949)3651066, +7(916)5859917"
1659281262187985553,Суханов,Адриан,Иларионович,No Description,"+7(978)4382064, +7(947)3379810"
1659281262207645689,Ситников,Бажен,Валентинович,No Description,"+7(918)8789125, +7(995)1264804"
1659281262217495026,Сорокин,Ярополк,Данилович,No Description,"+7(987)4406662, +7(943)2611970"
1659281262249424257,Самсонова,Анжела,Анатольевна,No Description,"+7(906)9771308, +7(923)2990537"
1659281262266332902,Селезнева,Василиса,Антоновна,No Description,"+7(998)1319137, +7(965)4785187, +7(988)5936219"
1659281262315456435,Сысоев,Ефим,Бориславович,No Description,+7(958)8693054
1659281262355578043,Субботина,Виктория,Геннадьевна,No Description,"+7(963)7191889, +7(950)3667384"
1659281262377944876,Сафонов,Елизар,Матвеевич,No Description,"+7(950)6847160, +7(911)8234686"
1659281262408424790,Сысоева,Пелагея,Эльдаровна,No Description,"+7(984)7643679, +7(921)1609676, +7(900)9423359"
1659281262494166085,Семенов,Мирослав,Эдуардович,No Description,"+7(971)3019831, +7(912)1089307, +7(997)9187042"
1659281262541379100,Ситников,Александр,Владиславович,No Description,+7(997)6792326
1659281262545275237,Силина,Ангелина,Вениаминовна,No Description,"+7(937)9751936, +7(927)3877860, +7(999)1707586"
1659281262591214927,Савельев,Антонин,Афанасьевич,No Description,"+7(922)5531767, +7(936)7497745"
1659281262638595634,Селезнев,Матвей,Феодосьевич,No Description,"+7(994)9289660, +7(956)9187355"
1659281262655186388,Семенова,Элеонора,Рубеновна,No Description,"+7(930)8810371, +7(964)3156501, +7(931)7155372"
1659281262693493619,Суворов,Максимильян,Августович,No Description,+7(926)1201526
Т
1659281261547899702,Турова,Нина,Вениаминовна,No Description,"+7(939)1663753, +7(998)9947311"
1659281261579654150,Третьякова,Тамара,Яковлевна,No Description,+7(934)9202675
1659281261585069024,Туров,Тарас,Терентьевич,No Description,"+7(932)2122068, +7(930)2043621"
1659281261590413404,Тихонов,Прокофий,Григорьевич,No Description,+7(932)5855768
1659281261593968360,Титов,Ян,Фокич,No Description,"+7(905)5065476, +7(982)8458320"
1659281261614205694,Тихонов,Кондрат,Валерьевич,No Description,"+7(962)9577919, +7(951)6979513, +7(928)9250606"
1659281261616110670,Титова,Дарья,Вениаминовна,No Description,+7(965)1948417
1659281261703839063,Туров,Федосий,Владиленович,No Description,"+7(975)8181327, +7(946)2304682, +7(941)2537556"
1659281261737566729,Трофимов,Болеслав,Владиленович,No Description,"+7(942)9829030, +7(991)9604176, +7(970)1720426"
1659281261826965571,Третьякова,Октябрина,Аскольдовна,No Description,"+7(955)4152546, +7(976)2073923"
1659281261955808733,Третьяков,Любим,Фролович,No Description,"+7(940)7794028, +7(953)7183083, +7(943)8773646"
1659281262347637067,Третьяков,Амвросий,Всеволодович,No Description,"+7(900)3731824, +7(970)7501474"
1659281262412446543,Тихонов,Аверьян,Филатович,No Description,+7(983)2846104
1659281262603979771,Титова,Анастасия,Станиславовна,No Description,+7(917)5376685
У
1659281261570182543,Устинова,Таисия,Егоровна,No Description,"+7(906)5503257, +7(971)2046838"
1659281261662989847,Уварова,Лора,Сергеевна,No Description,"+7(965)7090997, +7(905)6293691"
1659281262055051648,Устинова,Евфросиния,Валериевна,No Description,"+7(968)6058585, +7(983)7221137, +7(918)4965753"
1659281262326326978,Уварова,Вероника,Григорьевна,No Description,+7(987)5774184
1659281262373941656,Уварова,Галина,Игоревна,No Description,"+7(992)1625762, +7(972)4489132, +7(921)8829072"
1659281262642657705,Уварова,Евпраксия,Федоровна,No Description,"+7(957)1005552, +7(907)7119539, +7(971)1017932"
1659281262663603659,Уварова,Алина,Вадимовна,No Description,"+7(965)9772649, +7(918)3066915, +7(944)3929606"
Ф
1659281261607249258,Филиппова,Варвара,Матвеевна,No Description,"+7(946)8167131, +7(984)3070566"
1659281261631755990,Федосеев,Сильвестр,Давыдович,No Description,"+7(973)3412941, +7(983)8581901"
1659281261664268229,Филатов,Макар,Антонович,No Description,"+7(942)2538974, +7(940)1496245"
1659281261668719634,Фомина,Прасковья,Евгеньевна,No Description,"+7(944)9728164, +7(933)7266504"
1659281261678277803,Федотов,Август,Матвеевич,No Description,"+7(937)4240565, +7(994)6177324, +7(974)7911767"
1659281261682399962,Федотов,Наркис,Юлианович,No Description,+7(973)7764184
1659281261708796868,Федотов,Ярослав,Эдгарович,No Description,"+7(901)9476685, +7(953)4130429"
1659281261725303490,Фомичева,Агата,Рубеновна,No Description,"+7(995)8115557, +7(944)1546452"
1659281261747926258,Фомичева,Лукия,Максимовна,No Description,"+7(978)4216443, +7(990)8557776"
1659281261833127713,Федосеев,Давыд,Фомич,No Description,"+7(917)1450956, +7(910)8951716"
1659281261846263145,Фролова,Лидия,Натановна,No Description,"+7(907)2469424, +7(927)4627154"
1659281261868528197,Федоров,Аполлон,Ярославович,No Description,"+7(945)4419304, +7(955)5808030, +7(936)4200106"
1659281261877382820,Филиппов,Стоян,Феофанович,No Description,"+7(979)7649060, +7(936)6880407, +7(950)3564143"
1659281261934312751,Фомичев,Творимир,Захарьевич,No Description,"+7(932)2537111, +7(983)2559916"
1659281261936956504,Федосеев,Светозар,Абрамович,No Description,"+7(927)1617391, +7(976)6454078, +7(927)9758358"
1659281261982530973,Филатов,Юрий,Давидович,No Description,"+7(944)8269322, +7(937)8847155"
1659281262057859195,Фомина,Зинаида,Леоновна,No Description,+7(948)7420958
1659281262085435570,Филатов,Юлий,Валентинович,No Description,"+7(964)3612728, +7(957)7930357, +7(920)9435530"
1659281262177739461,Фомин,Петр,Фокич,No Description,"+7(970)1514401, +7(906)4970127"
1659281262204239880,Федосеев,Януарий,Демидович,No Description,"+7(904)1821424, +7(944)8608074"
1659281262439959813,Филиппов,Лукьян,Изотович,No Description,"+7(913)1904502, +7(959)7568770, +7(989)4985162"
1659281262486194130,Федорова,Наина,Валентиновна,No Description,+7(950)2306255
1659281262506819651,Филиппов,Эммануил,Иосифович,No Description,"+7(984)4685935, +7(965)2087868, +7(979)7705678"
1659281262646736174,Фомина,Октябрина,Феликсовна,No Description,+7(980)9408506
Х
1659281261637162249,Харитонова,Глафира,Алексеевна,No Description,"+7(981)7315481, +7(932)2839652, +7(908)9938464"
1659281262133975522,Харитонов,Твердислав,Геннадиевич,No Description,+7(949)5984604
Ц
1659281261604658249,Цветков,Лаврентий,Федосьевич,No Description,"+7(963)2536030, +7(927)7675037"
1659281261850564492,Цветкова,Жанна,Андреевна,No Description,"+7(997)4466379, +7(997)7259079, +7(902)3386500"
1659281262122006140,Цветков,Мстислав,Еремеевич,No Description,"+7(956)9363691, +7(901)5180102"
Ч
1659281261844163067,Чернов,Викторин,Георгиевич,No Description,"+7(937)3111038, +7(956)5953071, +7(940)9669076"
1659281261985335034,Чернова,Ксения,Петровна,No Description,"+7(926)5101025, +7(978)7248099"
1659281262012047136,Чернова,Милица,Егоровна,No Description,"+7(908)7901679, +7(994)2701226, +7(940)7459296"
1659281262060690525,Чернов,Ираклий,Федосьевич,No Description,"+7(979)6665959, +7(942)8683236"
Ш
1659281261583174050,Шаров,Руслан,Геннадиевич,No Description,"+7(941)4847204, +7(967)2598138, +7(988)8739157"
1659281261636044976,Шаров,Ладимир,Давыдович,No Description,"+7(943)5222954, +7(970)9174188, +7(919)5028692"
1659281261646410414,Шилова,Ольга,Матвеевна,No Description,+7(914)5819669
1659281261659070020,Ширяев,Корнил,Гавриилович,No Description,"+7(939)2295480, +7(909)7010756"
1659281261670077836,Шилов,Севастьян,Матвеевич,No Description,+7(998)5639250
1659281261691525391,Шилов,Епифан,Феоктистович,No Description,"+7(911)8212656, +7(989)5538276"
1659281261831058807,Шубина,Валерия,Яковлевна,No Description,"+7(961)6457620, +7(903)4762972, +7(948)8504468"
1659281261891351961,Шестаков,Богдан,Аксёнович,No Description,+7(939)5851096
1659281262270429519,Шубина,Марфа,Даниловна,No Description,"+7(908)7896541, +7(901)2750930"
1659281262586846644,Шашков,Велимир,Демьянович,No Description,"+7(953)5166943, +7(912)2822872"
Щ
1659281261593212740,Щербакова,Елена,Егоровна,No Description,"+7(946)2103755, +7(945)8962235, +7(954)1027793"
1659281261629628904,Щербаков,Капитон,Гаврилович,No Description,"+7(962)1258207, +7(904)8253195"
1659281262079404192,Щербаков,Викторин,Валентинович,No Description,"+7(988)8827469, +7(954)2586200, +7(916)4741037"
1659281262197694571,Щербакова,Синклитикия,Архиповна,No Description,"+7(991)4621487, +7(911)8191018"
1659281262370362402,Щукина,Синклитикия,Рубеновна,No Description,"+7(910)8539048, +7(967)2815501"
Ю
1659281261547058283,Юдина,Екатерина,Богдановна,No Description,"+7(962)9148240, +7(904)2101953, +7(927)3798715"
1659281261552769342,Юдин,Афанасий,Игнатович,No Description,+7(941)6352726
1659281261571007977,Юдина,Елизавета,Тарасовна,No Description,"+7(993)6127239, +7(915)9166225, +7(956)5671958"
1659281262025986373,Юдин,Лаврентий,Ануфриевич,No Description,"+7(941)8013769, +7(982)7532656"
1659281262680534566,Юдина,Феврония,Игоревна,No Description,+7(927)7264268
Я
1659281261886599787,Якушева,Жанна,Болеславовна,No Description,+7(996)6937683
1659281262155627535,Яковлев,Максимильян,Егорович,No Description,"+7(906)2964098, +7(927)9846797, +7(991)9910377"
